{
  "mean": [
    162286.539125,
    40.89275,
    -0.165,
    -0.1465,
    -0.16075,
    35736.75214893295,
    35910.02106155821,
    35898.67744899447,
    28115.071681219863,
    28088.530088536056,
    28076.586135320616
  ],
  "scale": [
    137383.04676701277,
    11.357079177213656,
    1.2984702537986768,
    1.2867741643349855,
    1.300349736609348,
    20164.162709043725,
    20242.932563071336,
    20274.580963275203,
    23421.167391945444,
    23542.648624363934,
    23442.013406463528
  ],
  "feature_names": [
    "LIMIT_BAL",
    "AGE",
    "PAY_0",
    "PAY_2",
    "PAY_3",
    "BILL_AMT1",
    "BILL_AMT2",
    "BILL_AMT3",
    "PAY_AMT1",
    "PAY_AMT2",
    "PAY_AMT3"
  ]
}